Dataset,Acc,F1,MCC,Cplx,W_Cplx,Model,Strategy,Target,Train_F1,Train_MCC,Formula
CM1,0.8333333333333334,0.4210526315789473,0.3321819194149599,0.0,0.0,DNN (Tuned),-,,,,
JM1,0.6813471502590673,0.4383561643835616,0.2541363337836157,0.0,0.0,DNN (Tuned),-,,,,
KC1,0.7510729613733905,0.5245901639344263,0.3565825609922895,0.0,0.0,DNN (Tuned),-,,,,
KC3,0.8461538461538461,0.6666666666666666,0.5977234369255506,0.0,0.0,DNN (Tuned),-,,,,
MC1,0.8312020460358056,0.0571428571428571,0.0457543668782134,0.0,0.0,DNN (Tuned),-,,,,
MC2,0.68,0.6,0.3424747597107866,0.0,0.0,DNN (Tuned),-,,,,
MW1,0.86,0.4615384615384615,0.4000661320993193,0.0,0.0,DNN (Tuned),-,,,,
PC1,0.875,0.32,0.2544891814071239,0.0,0.0,DNN (Tuned),-,,,,
PC2,0.903448275862069,0.0,-0.0416447633551248,0.0,0.0,DNN (Tuned),-,,,,
PC3,0.7772511848341233,0.4597701149425287,0.3970385584780216,0.0,0.0,DNN (Tuned),-,,,,
PC4,0.8070866141732284,0.5585585585585585,0.5120332337154293,0.0,0.0,DNN (Tuned),-,,,,
PC5,0.7345132743362832,0.5871559633027523,0.4091437044042424,0.0,0.0,DNN (Tuned),-,,,,
CM1,0.8636363636363636,0.4705882352941176,0.3935351743546255,23.513761467889907,23.513761467889907,RF (Tuned),-,,,,
JM1,0.7027202072538861,0.4326328800988875,0.2519381416490011,189.2201834862385,189.2201834862385,RF (Tuned),-,,,,
KC1,0.7682403433476395,0.5423728813559322,0.3872004675628288,79.94495412844037,79.94495412844037,RF (Tuned),-,,,,
KC3,0.7948717948717948,0.3333333333333333,0.2203535165793992,17.394495412844037,17.394495412844037,RF (Tuned),-,,,,
MC1,0.979539641943734,0.0,-0.006836772117853,41.678899082568805,41.678899082568805,RF (Tuned),-,,,,
MC2,0.64,0.4,0.1639025170267964,12.220183486238533,12.220183486238533,RF (Tuned),-,,,,
MW1,0.84,0.5,0.4667110645990919,16.660550458715598,16.660550458715598,RF (Tuned),-,,,,
PC1,0.8676470588235294,0.25,0.1787188219138402,31.871559633027523,31.871559633027523,RF (Tuned),-,,,,
PC2,0.9379310344827586,0.0,-0.0301984519328179,19.871559633027523,19.871559633027523,RF (Tuned),-,,,,
PC3,0.8388625592417062,0.46875,0.3871426700507994,50.18348623853211,50.18348623853211,RF (Tuned),-,,,,
PC4,0.8503937007874016,0.5581395348837209,0.4839370093100376,54.81651376146789,54.81651376146789,RF (Tuned),-,,,,
PC5,0.7345132743362832,0.5544554455445545,0.3704872556569064,103.74311926605505,103.74311926605505,RF (Tuned),-,,,,
CM1,0.6666666666666666,0.3529411764705882,0.2706338958266162,3.0,3.0,GP (Ours),WEIGHTED,MCC,0.3625,0.2867020709183542,(-9.833 add x4)
JM1,0.7046632124352331,0.4213197969543147,0.2389853262697463,3.0,3.0,GP (Ours),SIMPLE,MCC,0.4241085515935626,0.2419993584024327,(-5.895 add x0)
KC1,0.703862660944206,0.4566929133858268,0.2557674598800755,3.0,3.0,GP (Ours),WEIGHTED,MCC,0.4712871287128712,0.2764979221505259,(x16 sub x8)
KC3,0.8717948717948718,0.4444444444444444,0.49709581280096,1.0,1.0,GP (Ours),SIMPLE,MCC,0.490566037735849,0.3891519897487005,x3
MC1,0.8593350383631714,0.0983606557377049,0.113668640589725,11.0,20.0,GP (Ours),SIMPLE,MCC,0.1511111111111111,0.1912695342160369,(sqrt(((x32 sub sin(x23)) sub exp(x3))) sub sqrt(x22))
MC2,0.64,0.3076923076923077,0.1272937693043289,7.0,11.0,GP (Ours),WEIGHTED,MCC,0.4897959183673469,0.427521472962397,cos(((-4.313 add -1.944) add sqrt(x1)))
MW1,0.78,0.3529411764705882,0.2809757434745082,10.0,14.0,GP (Ours),SIMPLE,MCC,0.44,0.3734080224074693,(log((x27 add x10)) add ((3.340 mul -4.031) add x4))
PC1,0.7794117647058824,0.3478260869565217,0.3188667731678459,5.0,6.0,GP (Ours),SIMPLE,MCC,0.3236994219653179,0.2782467572748183,((x3 mul x4) sub x9)
PC2,0.5724137931034483,0.088235294117647,0.1612518739340329,2.0,5.0,GP (Ours),SIMPLE,MCC,0.1106382978723404,0.1919861119399424,log(x3)
PC3,0.7345971563981043,0.4285714285714285,0.3688281832372034,5.0,15.0,GP (Ours),WEIGHTED,MCC,0.4067796610169492,0.343249245543575,log(sqrt(log(sqrt(x0))))
PC4,0.7795275590551181,0.5087719298245614,0.4469547773648112,3.0,4.0,GP (Ours),SIMPLE,MCC,0.5147679324894515,0.4596624563470234,(x3 mul x8)
PC5,0.6017699115044248,0.5392491467576792,0.3301582678804198,3.0,4.0,GP (Ours),SIMPLE,MCC,0.5303678357570573,0.3149402298909554,(x5 mul x2)
